<?xml version="1.0" encoding="UTF-8"?>
<project-private xmlns="http://www.netbeans.org/ns/project-private/1">
    <editor-bookmarks xmlns="http://www.netbeans.org/ns/editor-bookmarks/2" lastBookmarkId="0"/>
    <open-files xmlns="http://www.netbeans.org/ns/projectui-open-files/2">
        <group>
            <file>file:/C:/Users/leona/OneDrive/Desktop/GestionSetsTerraza/src/controlador/InventarioController.java</file>
            <file>file:/C:/Users/leona/OneDrive/Desktop/GestionSetsTerraza/src/modelo/SetTerraza.java</file>
            <file>file:/C:/Users/leona/OneDrive/Desktop/GestionSetsTerraza/src/gestionsetsterraza/Main.java</file>
            <file>file:/C:/Users/leona/OneDrive/Desktop/GestionSetsTerraza/src/modelo/Living.java</file>
            <file>file:/C:/Users/leona/OneDrive/Desktop/GestionSetsTerraza/src/modelo/Bistro.java</file>
            <file>file:/C:/Users/leona/OneDrive/Desktop/GestionSetsTerraza/src/vista/VentanaPrincipal.java</file>
            <file>file:/C:/Users/leona/OneDrive/Desktop/GestionSetsTerraza/src/modelo/Comedor.java</file>
        </group>
    </open-files>
</project-private>
